player_id,team_id,player_name,position,age,height_cm,club,market_value_millions
1,1,Luke Lewis,Forward,22,187,"Phillips, Webb and Vargas",67.9
2,1,Michael Dunn,Midfielder,20,194,Rice-Moore,43.1
3,1,Paul Price,Forward,21,183,Butler Ltd,66.4
4,1,Kevin Johnson,Midfielder,25,169,Chavez-Smith,4.1
5,1,Stephen Lambert,Defender,28,170,Ray Ltd,68.5
6,1,Tiffany Cruz,Goalkeeper,31,182,Curry-Stewart,36.5
7,1,Christy Carson,Midfielder,24,188,"Lawrence, Baker and Mccormick",28.7
8,1,Brad Boyd,Midfielder,21,175,Bell and Sons,43.0
9,1,Gregory Reyes,Defender,24,194,"Klein, Bennett and Perez",30.7
10,1,Jennifer Flores,Defender,29,168,"Mcdonald, Richards and Brown",18.7
11,1,Jennifer Franklin,Goalkeeper,29,190,Cruz PLC,21.8
12,1,Anita Wagner,Defender,29,178,Andrade-Hutchinson,52.6
13,1,Curtis Mcdonald,Forward,33,174,Morse-Daniels,21.6
14,1,Holly Willis,Defender,27,192,"Thomas, Smith and Villanueva",71.9
15,1,Austin Lopez,Forward,30,179,Evans-Frazier,79.8
16,1,Patricia Robinson,Defender,35,196,"Johnson, Guerra and Jones",7.7
17,1,Alyssa Tucker,Goalkeeper,22,174,Allen-Chavez,50.4
18,1,Eric Jones,Forward,21,189,Horton PLC,30.8
19,1,Michelle Mcmillan,Forward,35,181,"Bates, Flores and King",77.7
20,1,Jessica Dodson,Goalkeeper,22,182,Ellis Ltd,61.6
21,1,Travis Ho,Midfielder,22,183,Edwards-Myers,35.1
22,1,Tammy Hamilton,Forward,19,181,"Nicholson, Johnson and Oliver",77.8
23,1,Jennifer Brown,Defender,35,171,"Hanson, Casey and Rivera",69.7
24,2,Teresa Erickson,Midfielder,35,177,"Gonzalez, Gonzales and Werner",12.7
25,2,Mrs. Kimberly Wilson,Defender,35,165,Tyler-Walker,48.1
26,2,Monique Jones,Forward,19,172,"Luna, Jones and Cruz",74.4
27,2,Kelly Flores,Midfielder,26,168,Klein-Stewart,19.6
28,2,Ryan Coleman,Goalkeeper,21,196,Young LLC,65.4
29,2,Holly Ortega,Defender,23,195,Cline-Velazquez,75.8
30,2,Erica Green,Defender,27,198,"Smith, Boyd and Schroeder",69.9
31,2,Tammy Beard,Forward,25,177,Castillo-Carter,57.2
32,2,Nicole Rose,Forward,30,193,"Bell, Daniels and Farrell",72.0
33,2,Jodi Brown,Forward,22,180,Bishop LLC,18.4
34,2,Christina Briggs,Midfielder,19,179,Hart Inc,47.3
35,2,Rachel Peters,Goalkeeper,21,168,Curry-Massey,18.7
36,2,Teresa Santiago,Goalkeeper,29,169,Coleman-Taylor,41.4
37,2,Ronald Smith,Midfielder,34,178,"Sims, Galvan and White",43.4
38,2,Ricky Davis,Forward,26,195,Shepard Group,64.7
39,2,Karen James,Defender,22,171,Weaver Ltd,52.9
40,2,Susan Callahan,Midfielder,32,191,Nunez-Miller,37.6
41,2,Monica Mills,Goalkeeper,22,168,"Ball, Lyons and Andersen",32.5
42,2,Erika Clayton,Midfielder,22,180,Avery-Williams,15.7
43,2,Melinda Castro,Forward,23,192,Johnson-Mcmillan,15.1
44,2,David Valencia,Forward,26,169,Vargas-Pittman,35.7
45,2,Stephanie Baker,Goalkeeper,20,165,Mooney-Hernandez,77.5
46,2,Patricia Gonzalez,Defender,24,191,"Hobbs, Mueller and Gonzalez",39.1
47,3,April Brown,Defender,31,168,Ramsey-Roberts,13.6
48,3,Laura Gonzales,Goalkeeper,31,181,"Bailey, Wilson and Robbins",74.2
49,3,Melissa Ross,Forward,28,192,Gill-Ortiz,55.9
50,3,Barbara Gibson,Forward,23,177,"Jones, Hanna and Brown",24.1
51,3,Lindsay Garcia,Goalkeeper,20,185,"Orozco, Lindsey and Barnett",5.0
52,3,Crystal Brown,Forward,35,198,Arnold Ltd,13.0
53,3,Tiffany Jones,Goalkeeper,24,169,"Richards, Rogers and Jones",47.8
54,3,Angela Murray,Defender,31,172,Mcdaniel LLC,75.4
55,3,Vickie Miller,Defender,20,170,Wright-Gonzales,33.8
56,3,Michael Taylor,Midfielder,27,178,Johnson-Edwards,53.7
57,3,Kathryn Doyle,Midfielder,26,181,Brown-Duarte,32.0
58,3,Jessica Luna,Midfielder,33,185,"House, Abbott and May",74.4
59,3,Zachary Washington DDS,Goalkeeper,19,194,Mcdonald Ltd,49.9
60,3,Ashley Ward,Goalkeeper,21,178,Martinez-Williams,40.7
61,3,Clifford Greer,Defender,30,169,Hart-Romero,70.4
62,3,Alyssa Estes,Midfielder,28,175,"Johnson, Brooks and Smith",35.3
63,3,Deanna Allison,Midfielder,35,165,"Clark, Delgado and Collins",53.6
64,3,Jeremy Mcgee,Midfielder,22,173,Duncan Inc,21.5
65,3,Courtney Hester,Goalkeeper,23,182,Rodriguez-Davenport,22.9
66,3,Dan Smith,Defender,29,178,"Hartman, Rojas and Kim",55.2
67,3,Christopher Summers,Midfielder,35,196,Wright LLC,20.5
68,3,Eric Rosales,Goalkeeper,21,192,"Hale, Morales and Mitchell",66.4
69,3,Lindsey Owens,Goalkeeper,19,186,"Jones, Patterson and Martinez",61.8
70,4,Eduardo Garcia,Midfielder,24,193,Hess and Sons,44.4
71,4,Maria Harris,Forward,19,172,Bennett-Moss,6.5
72,4,Lauren Rice,Defender,20,188,Nelson Ltd,46.8
73,4,Jessica Chen,Defender,32,173,Mcconnell Inc,3.8
74,4,Nicholas Mckee,Midfielder,20,187,Norman LLC,17.2
75,4,Jasmine Carter,Defender,22,187,Charles-Rivera,62.5
76,4,Frances Henderson,Forward,23,180,Aguilar-Murray,69.2
77,4,Monica Wood,Defender,32,166,"Manning, Massey and Mccoy",14.8
78,4,Keith Paul,Midfielder,32,180,"Garner, Olsen and Jones",21.7
79,4,Elaine Ray,Goalkeeper,31,167,Drake LLC,68.8
80,4,Andre Thomas,Defender,25,194,Garrett-Lane,28.3
81,4,Rebecca Johnson,Defender,26,166,"Reed, Lee and Ellis",53.0
82,4,Adam Turner,Forward,29,182,Gordon-Hicks,69.2
83,4,Timothy Harris,Midfielder,30,197,Dalton-Smith,32.3
84,4,Elizabeth Mcdowell,Midfielder,19,172,Maldonado-Colon,70.2
85,4,Christina Price,Midfielder,24,181,Pierce-Porter,3.5
86,4,Emily Hudson,Forward,30,185,Buchanan and Sons,35.2
87,4,Dalton Cameron,Goalkeeper,31,177,Wilcox PLC,20.8
88,4,Gerald Franklin,Forward,19,198,Robinson-Wallace,74.1
89,4,Erica Lopez,Defender,30,192,Brady-Villarreal,6.1
90,4,Peter Williams,Midfielder,29,172,Mclaughlin-Murphy,57.7
91,4,Paul Walker,Midfielder,35,184,Underwood-King,53.5
92,4,Jeffrey Morton,Midfielder,31,183,Lewis Inc,44.6
93,5,Matthew Wallace,Defender,32,189,"Mcintosh, Riggs and Garcia",54.3
94,5,Terry Webb,Defender,28,190,Campbell PLC,44.1
95,5,Catherine Jones,Goalkeeper,28,183,Nguyen-Williams,17.2
96,5,Adam Smith,Midfielder,33,193,Powell-Cordova,35.7
97,5,Brittany Lopez,Defender,35,195,Leon-Newman,63.6
98,5,Elizabeth Bailey DVM,Defender,21,183,Nichols Ltd,41.5
99,5,Tanya Baker,Midfielder,21,180,"Lewis, Francis and Carey",54.0
100,5,Deborah Riley,Defender,25,174,Ferrell-Lopez,2.4
101,5,Kimberly Huber,Defender,34,169,Jones-Williams,36.7
102,5,Ashley Shepherd,Defender,31,196,Howell Ltd,32.3
103,5,Timothy Hernandez,Defender,19,171,Gomez-Andrews,62.4
104,5,Christine Jacobs,Defender,24,198,Obrien-Schneider,37.4
105,5,Lee Eaton,Defender,22,194,Lucas Ltd,11.1
106,5,Sara Mueller,Forward,35,185,Wright and Sons,76.0
107,5,Wayne Ball,Forward,35,192,Howard Ltd,66.5
108,5,Theresa Bishop,Forward,24,195,Cohen-Bradford,36.3
109,5,Kristi Ortiz,Defender,27,198,Merritt-Diaz,39.0
110,5,Adrienne Richmond,Defender,27,193,"Smith, Richardson and Jones",6.7
111,5,Jeffrey Adams,Midfielder,26,182,"Ward, Mann and Proctor",27.2
112,5,Jorge Clarke DVM,Goalkeeper,23,174,Sanders-Medina,18.9
113,5,Trevor Cain,Defender,25,169,Morris-Schneider,33.5
114,5,Kenneth Dawson,Midfielder,33,191,"Gray, Perez and Robinson",5.5
115,5,Victoria Thompson,Forward,31,166,"Frank, Garcia and Ross",68.6
116,6,Amber Haney,Forward,34,165,Guerrero LLC,75.4
117,6,Jim Wright,Midfielder,31,191,Lopez-Wells,43.3
118,6,Holly Ford,Defender,34,179,Green and Sons,22.2
119,6,Nicole Roman,Forward,19,189,Johnson-Cummings,27.2
120,6,Michael Stein,Forward,24,194,Benson Ltd,73.6
121,6,Kenneth Moore,Goalkeeper,31,166,Waters Ltd,7.2
122,6,Amy Harris,Forward,23,194,Terrell Inc,14.9
123,6,Jason Murray,Midfielder,31,185,"Brown, Flores and Peters",17.3
124,6,Alexander Ingram,Midfielder,29,189,"Patel, Higgins and Stewart",22.6
125,6,Taylor Zimmerman,Forward,27,170,Wilkins-Orozco,37.9
126,6,Jamie Ball,Goalkeeper,30,179,Hurst and Sons,52.2
127,6,Joseph Smith,Goalkeeper,19,180,Martin-Clark,16.3
128,6,David Kennedy,Goalkeeper,23,180,"Pittman, Murray and Mendez",10.5
129,6,Jessica Butler,Goalkeeper,25,194,"Schneider, Foley and Fischer",56.1
130,6,Linda Ford,Midfielder,24,172,Neal Ltd,62.3
131,6,Frank White,Defender,28,171,"Rosales, Hubbard and Yang",46.5
132,6,Douglas Reynolds,Midfielder,31,190,Nichols-Walker,75.3
133,6,Lauren Jimenez,Defender,21,180,Williams Group,8.6
134,6,Jacob Conway,Midfielder,22,167,Day Ltd,28.1
135,6,Christopher Thompson,Forward,30,169,"Jones, Velez and Fuller",40.7
136,6,Robert Flynn,Midfielder,19,191,Taylor LLC,65.9
137,6,Steven Wilcox,Goalkeeper,32,188,Schmidt-Lang,51.0
138,6,Alexandra Levy,Forward,23,192,Morales and Sons,14.5
139,7,Mark Bradley,Midfielder,34,194,"Castillo, Schwartz and Burke",35.1
140,7,Scott Juarez,Midfielder,29,180,Martin Ltd,66.5
141,7,Barbara Hood,Goalkeeper,27,193,Macdonald-Scott,19.9
142,7,Sara Wolfe,Forward,31,186,Carter LLC,2.8
143,7,Matthew Navarro,Midfielder,24,196,Harris and Sons,17.4
144,7,Joseph Smith,Midfielder,29,182,Shannon Group,70.5
145,7,Jason Howard,Midfielder,19,198,"Berg, Porter and Roberts",75.9
146,7,Charlene Snyder,Goalkeeper,26,191,Holland and Sons,39.3
147,7,Nancy Colon DVM,Defender,34,196,Lynn-Gibson,36.1
148,7,Linda Parker,Goalkeeper,21,183,Hall-Schultz,18.1
149,7,Ms. Robin Pena,Defender,28,188,Ramirez-Sanchez,38.1
150,7,Robin Hall,Midfielder,32,186,Brown-Howell,28.5
151,7,Joshua Lopez,Forward,27,184,Hardy-Wilson,20.5
152,7,Peter West,Goalkeeper,25,185,Thomas Group,10.0
153,7,Terri Heath,Defender,25,178,"Flores, Johnson and Shaw",59.2
154,7,Erik Berger,Midfielder,35,183,"Rowland, Bryant and Robertson",78.5
155,7,Joseph Rubio,Defender,28,179,"Marks, Hughes and Hall",29.2
156,7,Douglas Greene,Midfielder,19,173,Gonzalez PLC,22.3
157,7,Hunter Edwards,Goalkeeper,28,173,"Kelly, Miles and Sutton",51.2
158,7,Amanda Lambert,Forward,22,165,Carroll-Hill,46.1
159,7,Jeremy Miller,Forward,34,193,"Schultz, Bates and Barnes",27.6
160,7,Norma Beck,Goalkeeper,27,195,"Rangel, Fernandez and Miller",9.6
161,7,Douglas Anderson,Goalkeeper,31,196,Hernandez Inc,6.4
162,8,Keith Adams,Goalkeeper,23,174,"Campbell, Gomez and Horton",65.0
163,8,William Pollard,Midfielder,21,180,"Kennedy, Lester and Johnston",9.9
164,8,Miss Eileen Davis,Forward,26,198,Case Inc,30.7
165,8,Kenneth Leblanc,Forward,28,192,"Mcclure, Martin and Hall",24.8
166,8,Stephanie Conner,Goalkeeper,22,178,Martinez-Russell,50.2
167,8,Emily Smith,Midfielder,21,175,Rogers-Gates,19.6
168,8,James Sandoval,Goalkeeper,24,165,"Gibson, Powell and Gallagher",33.0
169,8,Wendy Atkinson,Forward,28,167,"Williams, Lee and Kent",18.9
170,8,Nicole Moore,Midfielder,33,169,Carter-Rivas,55.1
171,8,Taylor Walsh,Midfielder,25,192,Craig PLC,9.6
172,8,Denise Montoya,Defender,23,182,Thornton-Hudson,66.2
173,8,Jason Harding,Goalkeeper,20,175,Wells Group,63.5
174,8,Kimberly Baker,Midfielder,33,172,"Nelson, Lee and Riddle",37.8
175,8,Joshua Johnson,Midfielder,31,182,Sosa Group,40.3
176,8,Gary Thomas,Forward,33,170,"Baxter, Koch and Olson",48.0
177,8,Michelle Macias,Forward,29,181,Mendoza-Rodriguez,2.6
178,8,Jordan Hampton,Defender,19,182,Davis PLC,46.3
179,8,Jon Ross,Defender,34,198,Clark Group,52.3
180,8,John Munoz,Midfielder,24,192,Lowe Group,51.0
181,8,Cheryl Krueger,Forward,21,195,Jenkins-Martinez,28.2
182,8,James Flynn,Midfielder,29,171,Miller and Sons,68.7
183,8,Matthew Martinez,Midfielder,32,196,Hughes-Davies,23.4
184,8,Gail Roman,Forward,20,194,Patton Ltd,7.5
185,9,Jennifer Solomon,Midfielder,29,172,Brown-Maddox,77.6
186,9,Frank Jones,Forward,35,165,George-Brooks,52.8
187,9,Melissa Reyes,Forward,32,168,Wood Group,15.4
188,9,Tina Davis,Midfielder,34,193,"Smith, Smith and Love",60.9
189,9,Nichole Lewis,Defender,27,173,"Mcdonald, Davis and Hansen",74.2
190,9,Jason Dyer,Forward,34,172,"Ramsey, Hall and Hernandez",2.8
191,9,Katherine Keller,Defender,24,184,Myers PLC,44.3
192,9,Fred Levy,Forward,21,179,Estrada Ltd,79.4
193,9,Thomas Levine,Goalkeeper,33,172,Alvarado Ltd,52.0
194,9,Danielle Williams,Defender,34,183,Jones-Thomas,41.0
195,9,Steven Downs,Midfielder,32,195,Guzman-Knight,78.4
196,9,Nancy Howard,Defender,33,174,Buchanan-Robles,31.0
197,9,Christine Cox,Defender,21,182,Macdonald-Lyons,61.9
198,9,Melissa Castillo,Forward,29,197,"Evans, Valdez and Galvan",21.7
199,9,Leonard Green,Goalkeeper,28,184,"Jones, Miller and Lopez",67.1
200,9,Christopher Gaines,Forward,23,193,Thompson-Mitchell,43.3
201,9,Tracy White,Midfielder,29,189,"Ramos, Dean and Malone",36.7
202,9,Luis Norton,Midfielder,25,180,Davis-Ramirez,46.0
203,9,Megan Thompson,Defender,32,167,"Pena, Obrien and Smith",25.8
204,9,Robert Chambers,Forward,31,189,Shelton PLC,79.1
205,9,Tyrone Green,Defender,34,167,Bridges-Ball,10.5
206,9,Timothy Mcgee,Midfielder,22,193,Ross PLC,8.4
207,9,Alice Burns,Forward,19,174,"Bernard, Harris and Kennedy",33.1
208,10,Andrew Johnston,Defender,21,195,"Black, Marshall and Pham",62.6
209,10,Christian Johnson,Midfielder,29,190,Wilkins-Walsh,52.2
210,10,Andrea Mosley,Midfielder,31,185,Calderon and Sons,50.3
211,10,Robert Walls,Forward,20,169,Scott Inc,19.2
212,10,Kathryn Mendoza,Midfielder,26,170,Byrd PLC,35.0
213,10,Kristi Benton,Goalkeeper,22,193,Williams PLC,13.7
214,10,Christopher Pope,Midfielder,19,167,Burke Inc,26.3
215,10,Jon Ochoa,Goalkeeper,28,187,Burnett LLC,30.3
216,10,Jessica Clark,Defender,26,198,"Sims, Greer and Esparza",33.3
217,10,Philip Dunlap,Defender,24,176,Anderson-Durham,6.8
218,10,Andrew Campbell,Forward,26,196,"Anderson, Ross and Chan",73.1
219,10,Keith Anderson,Defender,26,194,Mcfarland LLC,51.2
220,10,Jamie Hall,Forward,27,165,"Lee, Whitehead and Jones",72.0
221,10,Kristin Turner,Forward,28,175,Larsen-Young,6.4
222,10,Michael Rice,Midfielder,28,192,Cooper Group,55.4
223,10,Brandy Weeks,Forward,28,177,Hernandez LLC,80.0
224,10,Jason Boyer,Forward,22,180,"Matthews, Williams and Young",30.8
225,10,Andrew Sanders,Midfielder,28,183,Boyle and Sons,2.2
226,10,Bridget Rogers,Forward,27,165,"Lee, Richardson and Ponce",45.5
227,10,Kim Sanders,Goalkeeper,34,183,Mcbride LLC,62.2
228,10,Jimmy Burnett,Defender,30,179,Haynes Ltd,51.1
229,10,Shane Diaz,Midfielder,23,171,Ray-Perez,72.3
230,10,Charles Jenkins,Goalkeeper,28,193,"Thomas, Jackson and Doyle",3.2
231,11,Paul Miller,Midfielder,23,170,"Clarke, Frye and Andrews",72.8
232,11,Michael Mahoney,Midfielder,32,176,"Snyder, Mendoza and Mills",16.5
233,11,John Chavez,Midfielder,35,197,"Wells, Robinson and Ball",73.1
234,11,Gregory Hebert,Defender,27,195,Moreno Group,77.4
235,11,Luke Ramos,Midfielder,29,172,"Russo, Marquez and Sanchez",37.7
236,11,Christina Powell,Goalkeeper,23,179,Ashley-Carlson,68.9
237,11,Robert Watkins,Forward,30,170,Martinez-Acevedo,63.4
238,11,Stephanie Coleman,Goalkeeper,27,172,"Johnson, Compton and Hutchinson",36.7
239,11,Charles Price,Midfielder,31,188,Ortiz LLC,9.1
240,11,John Peterson,Defender,34,166,Reese-Ford,49.8
241,11,Jennifer Burgess,Midfielder,26,169,Franco Inc,51.0
242,11,Julie Espinoza,Forward,28,191,Jackson Inc,9.8
243,11,Jennifer Cantrell,Goalkeeper,20,184,Cruz LLC,79.7
244,11,Daniel Hughes,Goalkeeper,22,180,"Williams, Shelton and Walker",71.0
245,11,Tony Fuller,Defender,31,194,Owens-Mccarty,30.0
246,11,Devon Johnson,Forward,23,191,Martinez and Sons,52.6
247,11,Melissa Collins,Forward,32,182,"Bradley, Donaldson and Barnes",3.1
248,11,John Smith,Midfielder,25,193,Wright-Norris,35.9
249,11,John Choi,Defender,30,171,Benson LLC,78.5
250,11,Casey Velazquez,Midfielder,30,168,Allen-Davis,32.2
251,11,Samuel Parker,Defender,22,194,"Edwards, Arias and Chang",7.8
252,11,Jessica Ross,Defender,19,168,"Reynolds, Curtis and Neal",63.1
253,11,Cynthia Williams,Defender,23,178,Ballard Ltd,6.0
254,12,Joshua Rhodes,Defender,25,179,"Murray, Rodriguez and Patrick",26.6
255,12,Charles Brooks,Defender,19,182,"Keller, Oliver and Christensen",68.7
256,12,Willie Delgado,Defender,23,181,Powers-Snyder,64.0
257,12,Joshua Cline,Goalkeeper,19,173,Hancock and Sons,1.7
258,12,Brian Potter,Defender,29,166,Benjamin-Fleming,14.4
259,12,Madison Howard,Goalkeeper,23,191,"Cooke, Reyes and Richardson",42.3
260,12,April Shah,Goalkeeper,34,193,"Harris, Thompson and Moss",62.4
261,12,Michael Herrera,Goalkeeper,33,197,Farmer-Cooper,18.1
262,12,Alicia Taylor,Goalkeeper,35,184,Johnson Group,36.9
263,12,Karen Hernandez,Goalkeeper,20,195,"Rose, Solis and Johnson",67.9
264,12,Robert Smith,Forward,22,196,Howell-Haynes,57.1
265,12,Kathy Anderson,Forward,21,170,Kennedy LLC,26.1
266,12,Tyler Burgess,Defender,21,173,"Graham, Hicks and Bowen",22.4
267,12,Clifford Burton,Midfielder,31,198,"Wells, Hernandez and Roy",23.9
268,12,Robin Mitchell,Forward,22,172,Murillo Inc,68.3
269,12,Michelle Hall,Defender,32,193,"Gallegos, Sullivan and Martin",71.1
270,12,Eric Haas,Forward,29,194,"Ho, Warren and Morales",32.2
271,12,Amber Rocha,Goalkeeper,29,192,Barnes and Sons,25.3
272,12,Michael Malone,Midfielder,30,174,Franco Ltd,55.1
273,12,Nicholas Valdez,Forward,21,170,Butler-Warren,66.6
274,12,Christopher Smith,Goalkeeper,32,171,Haynes Ltd,59.7
275,12,Robert Davis,Midfielder,23,168,"Burns, Carson and Mays",47.1
276,12,Emily Nguyen,Midfielder,22,191,Lee-Coleman,28.6
277,13,Jason Huynh,Forward,20,183,Taylor Inc,48.2
278,13,Colton Johnson,Midfielder,22,197,"Espinoza, Oconnor and Colon",17.4
279,13,Tiffany Lane,Forward,26,171,Lopez-Wells,28.3
280,13,Kevin Diaz,Midfielder,22,182,Webb and Sons,46.1
281,13,Nathan Howard,Forward,19,182,Khan Inc,2.8
282,13,Jeffrey Preston,Midfielder,28,186,Reynolds PLC,28.4
283,13,Sophia Abbott,Defender,23,190,"Rodriguez, Webb and Morris",6.0
284,13,Michelle Walker,Goalkeeper,21,198,"Lawrence, Preston and Perez",17.6
285,13,Jerry Reyes,Forward,33,186,Howell and Sons,13.0
286,13,Kimberly Adams,Midfielder,29,170,Booth Ltd,70.7
287,13,Alexis Eaton,Defender,24,168,Baker Group,54.1
288,13,Timothy Ruiz,Midfielder,33,192,"Johnson, Miller and Jackson",39.1
289,13,Joseph Armstrong,Forward,32,182,Goodman and Sons,17.6
290,13,Francisco Murillo,Goalkeeper,30,192,Schultz Inc,9.3
291,13,Michael Torres,Forward,35,184,"Manning, Smith and Lee",4.1
292,13,Gina Williams,Forward,20,165,Hunt Ltd,16.8
293,13,Ashley Gould,Defender,23,181,Gonzalez-Anderson,23.5
294,13,Robert Hoover,Goalkeeper,19,196,"Barnes, Sellers and Ramirez",59.9
295,13,Scott Walters,Defender,23,189,Rivera Ltd,42.8
296,13,Beth Peterson,Defender,35,187,Johnston-Gates,6.2
297,13,Troy Guzman,Goalkeeper,32,166,"Scott, Adams and Jimenez",37.1
298,13,Matthew White,Goalkeeper,29,192,Huffman-Barrera,46.1
299,13,Richard Baker,Forward,28,172,Johnson-Fritz,32.7
300,14,Scott Scott,Midfielder,24,194,Rodriguez-Navarro,66.6
301,14,Cindy Oneill,Midfielder,21,192,Boyle-Mendez,67.6
302,14,Jennifer Dawson,Defender,32,190,"Sims, Weber and Evans",42.2
303,14,Dennis Nguyen,Forward,28,186,Griffin-Newman,18.1
304,14,Virginia Hughes,Defender,21,197,"Kennedy, Rivera and Price",50.8
305,14,Donna Sandoval,Defender,30,187,"Johnson, Nichols and Mcgee",58.3
306,14,Bobby Turner,Defender,26,171,Ramirez-Hicks,12.1
307,14,Anna Carroll,Defender,24,174,"Perez, Thompson and Mcdonald",60.9
308,14,Maria Romero,Goalkeeper,24,196,Robinson Ltd,37.4
309,14,Melissa Ramirez,Forward,29,185,Cisneros Group,12.5
310,14,Diana Rodriguez,Goalkeeper,34,193,"Sampson, Mcdowell and Williams",50.7
311,14,Brittany Richardson,Midfielder,20,187,Rodriguez PLC,40.8
312,14,Gina Carr,Midfielder,33,193,"Santos, Meyer and Barron",3.5
313,14,Chad Davenport,Midfielder,28,169,Shaw-Moody,51.8
314,14,Lauren Estrada,Goalkeeper,35,189,"Vance, Williams and Williams",37.3
315,14,Jennifer Wright,Goalkeeper,33,177,King PLC,26.1
316,14,Terry Odom,Forward,35,174,Evans Ltd,76.6
317,14,Paige Hernandez,Forward,22,186,Conner-Johnson,78.6
318,14,Danielle Clark,Goalkeeper,35,176,Butler LLC,3.6
319,14,Mark Mills,Forward,33,198,Jones PLC,42.1
320,14,Christina Page DDS,Defender,30,188,Montes Inc,73.5
321,14,Angela Jackson,Forward,32,186,Ross Group,54.5
322,14,Taylor Mendez,Goalkeeper,29,169,"Fuentes, Richards and Francis",26.7
323,15,Jeremy Garcia,Forward,28,181,"Johnson, Newton and Evans",58.0
324,15,Steven Bass,Defender,29,170,"Molina, Anderson and Moore",46.8
325,15,Kayla Golden,Defender,30,184,Mason-Reid,77.4
326,15,April Rojas,Forward,23,170,"Hill, Mcdonald and Ruiz",25.1
327,15,Alexandria Wolfe,Forward,29,173,Ballard Group,53.8
328,15,Susan Wilkinson,Goalkeeper,32,197,Martin-Miles,29.3
329,15,Dr. Ryan Kennedy,Midfielder,28,176,"Morris, Martinez and Hill",76.1
330,15,Mark Burke,Midfielder,34,177,"Adams, Collins and Burke",18.5
331,15,Daniel Johnson,Defender,23,169,"Gibson, Gonzales and Newton",24.0
332,15,Andrea Hall,Goalkeeper,35,198,Marks LLC,3.5
333,15,Angela Scott,Midfielder,23,189,Livingston-Cooper,12.8
334,15,James Goodwin,Defender,24,193,"Chung, Reese and Stein",4.0
335,15,Jennifer Bailey,Midfielder,26,193,Wong-Goodwin,49.0
336,15,Jessica Freeman,Forward,26,180,"Abbott, Dunlap and Williams",25.1
337,15,Emily Barron,Forward,25,188,Walker-Vega,54.4
338,15,Brandy Sanders,Forward,33,183,Melton and Sons,62.4
339,15,Adriana Robinson,Forward,24,177,Stewart-Reed,64.2
340,15,Miss Samantha Lee,Defender,27,168,Harrison Group,51.5
341,15,Courtney Dyer,Midfielder,22,198,Lee PLC,68.2
342,15,Isaac Williams,Midfielder,21,175,Mueller-Morris,22.2
343,15,Daniel Ponce,Defender,32,170,"Matthews, Moore and Castillo",75.7
344,15,Calvin Rodriguez,Defender,33,187,Clark-Brown,74.5
345,15,Julie Bridges,Forward,20,190,Davis-Harrington,40.4
346,16,Peter Best,Defender,31,170,Phillips LLC,30.3
347,16,Stephanie Johnson,Goalkeeper,29,171,"Miller, Ross and Short",67.2
348,16,Elizabeth Vazquez,Midfielder,23,173,Byrd-Walters,3.5
349,16,Robert Davis,Forward,23,195,Dunlap PLC,36.2
350,16,Lucas Nguyen,Goalkeeper,21,166,"Fox, Lawrence and Larsen",20.8
351,16,Sara Martinez,Defender,35,192,"Campos, Hogan and Chavez",9.3
352,16,Sean Hess,Midfielder,26,184,"Nichols, Wong and Reese",10.2
353,16,Ronald Kelly,Defender,32,194,"Patel, Marshall and Collins",5.5
354,16,Alex Mosley,Forward,19,197,Harvey and Sons,46.2
355,16,Amber Benson,Defender,28,192,George Ltd,0.6
356,16,Dustin Barnes,Midfielder,26,191,Livingston Group,15.4
357,16,John Blackwell,Goalkeeper,35,188,Stevenson-Myers,5.9
358,16,Nathaniel Smith,Goalkeeper,31,195,Mclean-Soto,4.0
359,16,Tony Anderson,Forward,30,181,"Miller, Whitaker and Howard",59.9
360,16,Tyler Wells,Midfielder,21,187,Glass LLC,19.7
361,16,Robert Wilson,Goalkeeper,29,173,"Cruz, Kelly and Knight",4.0
362,16,Geoffrey Williams,Midfielder,24,194,Reed Inc,78.5
363,16,Bradley Porter,Forward,24,173,Williams LLC,5.5
364,16,David Barron,Forward,20,183,Wilson Group,16.5
365,16,Tiffany Grant,Defender,20,185,Crosby-Marks,74.7
366,16,Donald Fletcher,Forward,34,181,Garcia-Jones,3.4
367,16,Ricky Hughes,Defender,28,187,"Davis, Jones and Hensley",69.0
368,16,Jeff Arellano,Goalkeeper,29,182,Moore-Thomas,10.4
369,17,Susan Murphy,Midfielder,32,190,"Thompson, Collins and Weiss",59.6
370,17,Dr. Laura Cook,Forward,29,176,"White, Martin and Adams",39.9
371,17,Mary Mcdonald,Forward,30,198,Poole-Campbell,21.7
372,17,Nicole Powell,Goalkeeper,32,170,Martin LLC,34.7
373,17,Amber Mccarthy,Defender,28,185,Collins-Kim,8.7
374,17,John Pacheco,Midfielder,28,184,Mcclain Group,36.0
375,17,Stephen Mitchell,Forward,24,193,Sanders and Sons,28.4
376,17,Scott Dunn,Goalkeeper,30,192,Barnes PLC,22.3
377,17,Dale Diaz,Goalkeeper,21,190,Taylor-Francis,29.4
378,17,Damon Davila,Defender,19,174,Hawkins-Burke,68.0
379,17,Gary Stewart,Forward,20,173,Burton Group,5.8
380,17,Jacqueline Hopkins,Midfielder,30,189,"Hale, Benitez and Tyler",76.0
381,17,Marcus Robles,Goalkeeper,23,193,Martin-Reyes,75.9
382,17,Justin Benton,Midfielder,33,169,Fernandez Group,46.1
383,17,Tyler Ortega,Midfielder,31,185,Miller-Kim,52.1
384,17,Gerald Deleon,Defender,22,166,"Martinez, Morales and Harvey",59.0
385,17,Sandra Thompson,Forward,35,189,Long-Frazier,73.1
386,17,Jessica Chen,Goalkeeper,27,181,Perry-Ruiz,56.5
387,17,Carl Roberts,Defender,28,196,"West, Sanchez and King",16.4
388,17,Peter Fowler,Defender,21,193,"Johnson, Guzman and Hall",14.2
389,17,Christina Soto,Forward,21,185,Hoffman-Daniel,53.6
390,17,Jonathan Price,Goalkeeper,28,184,Clark-Craig,68.2
391,17,Ashley Castillo,Defender,30,197,"Warren, Moore and Armstrong",18.3
392,18,Anthony Lopez,Defender,23,180,Cook Group,63.3
393,18,Jeffrey Warren,Goalkeeper,30,188,"Russell, Castillo and Malone",37.7
394,18,Shelia Price,Defender,21,169,"Haney, Armstrong and Griffin",25.1
395,18,Mark Owens,Forward,35,191,"Long, Ward and Rivera",61.6
396,18,Dr. Devin Perez,Goalkeeper,23,185,Gonzales-Singh,51.6
397,18,Valerie Guerrero,Forward,33,198,Garza-Rivera,27.9
398,18,April James,Defender,23,192,Ramos Ltd,40.5
399,18,Thomas Miller,Goalkeeper,22,198,"Hamilton, Bennett and Lee",12.7
400,18,Brian Neal,Defender,24,185,"Reid, Moore and Miller",74.8
401,18,Joseph Morgan,Defender,30,198,"Baker, Clark and Casey",71.6
402,18,Joel Thompson,Goalkeeper,27,177,Morris-Tran,51.0
403,18,Kyle Navarro,Midfielder,23,184,Lindsey LLC,49.3
404,18,Shannon Smith,Goalkeeper,35,175,Nash Group,47.5
405,18,Emily Holmes,Defender,24,186,Smith-Novak,67.5
406,18,Charles Smith,Goalkeeper,19,170,"Lee, Smith and Johnson",4.1
407,18,Jennifer Harper,Midfielder,25,191,Whitaker-Jones,49.6
408,18,Jessica Raymond,Goalkeeper,34,183,Baldwin PLC,51.5
409,18,Jack Pruitt,Midfielder,34,180,Johnson-Contreras,64.5
410,18,Melissa Moody,Forward,28,194,"Mccann, Elliott and Glenn",6.3
411,18,Amy Adams,Goalkeeper,24,193,Burch LLC,33.5
412,18,Dr. Linda Carroll,Forward,25,186,"Anthony, Rivera and Branch",48.7
413,18,Cory Howell,Midfielder,29,187,"Pineda, Tucker and Phillips",78.0
414,18,Tara Hernandez,Defender,30,197,"Baker, Rivera and Conner",45.2
415,19,Mark Jackson,Midfielder,26,194,"Cook, Nelson and Miller",10.2
416,19,Cheyenne Ritter,Forward,26,174,Campbell and Sons,8.2
417,19,Stephen Nguyen,Midfielder,31,191,"Nash, Gonzalez and Moore",20.2
418,19,William Murray,Defender,29,185,Porter and Sons,15.6
419,19,Morgan Reese,Defender,34,197,Mahoney-Henderson,37.6
420,19,Miss Dawn Mccullough MD,Midfielder,34,166,Camacho-Lam,7.7
421,19,Ashley Friedman,Forward,35,194,"Maxwell, Daniels and Austin",77.4
422,19,Catherine Martinez,Defender,30,168,Pacheco and Sons,4.5
423,19,David Grant,Forward,34,183,Black-Alvarado,43.2
424,19,Nicholas Allen,Goalkeeper,32,173,Martinez LLC,70.7
425,19,Barbara Gregory,Midfielder,31,188,"Kemp, Curtis and Morgan",4.1
426,19,Sandra Williams,Goalkeeper,25,188,Fernandez and Sons,44.5
427,19,Marcus Jackson,Goalkeeper,31,197,"Faulkner, Thompson and Jacobson",36.3
428,19,David Stanley,Midfielder,22,173,"Tate, Cox and Chen",78.0
429,19,Peter Bird,Forward,30,186,"Rivera, Chen and Ward",44.8
430,19,Stephen Patel,Midfielder,23,177,"Moss, Reeves and Lewis",48.4
431,19,Michelle Smith,Forward,35,167,Hurley Group,4.1
432,19,Alex Silva,Defender,29,195,Willis and Sons,41.8
433,19,Danny Murphy,Defender,35,173,Bennett PLC,26.6
434,19,David Jenkins,Midfielder,24,190,Hill Ltd,79.3
435,19,Elijah Maxwell,Midfielder,29,197,Nguyen-Allen,66.3
436,19,Dale Anderson,Forward,28,195,Evans Group,65.4
437,19,Bruce Mason,Midfielder,29,172,Olson Group,78.4
438,20,Julie Mccann,Midfielder,19,195,White-Rangel,21.6
439,20,Amy Hernandez,Defender,20,195,Curtis Ltd,14.1
440,20,William Harrison,Forward,23,180,Gilbert-Schneider,3.0
441,20,Catherine Pearson,Goalkeeper,25,166,Williams-Sanchez,35.6
442,20,Teresa Davis,Forward,23,191,Frazier Inc,55.4
443,20,Abigail Alexander,Forward,35,195,"Hall, Adams and Preston",69.9
444,20,Tom Cummings,Goalkeeper,23,198,"Stephens, Rasmussen and Hahn",17.0
445,20,Thomas Rodriguez,Midfielder,34,198,"Dodson, Lawrence and Frazier",30.5
446,20,Christopher Brown,Defender,33,186,Perez-Campbell,43.9
447,20,Andrew Walker,Midfielder,34,177,"Marks, Daniels and Martin",76.6
448,20,Derek Jones,Midfielder,28,179,Hines-Kidd,75.3
449,20,Jonathan Estrada,Midfielder,28,178,Williams LLC,55.4
450,20,Julian Brown,Forward,29,195,King-Young,28.2
451,20,Martin Martinez,Midfielder,28,172,Davis Ltd,46.1
452,20,Trevor Shea,Forward,31,187,Henson-Wallace,76.4
453,20,Sonya Pope,Defender,28,167,Herrera-Hill,23.4
454,20,Taylor Garcia,Goalkeeper,30,193,Wiggins Ltd,52.6
455,20,Thomas Dominguez,Forward,25,177,Gross-West,66.3
456,20,Tristan Mcdonald,Midfielder,27,173,Johnson LLC,9.2
457,20,Chris Reynolds,Defender,26,168,"Garcia, Golden and Mcguire",53.8
458,20,Tiffany Santana MD,Defender,26,168,"Holland, Farrell and Rojas",8.5
459,20,Alexis Padilla,Midfielder,34,171,Mills-Moore,54.7
460,20,Melinda Wheeler,Defender,19,175,"Campbell, Decker and Beck",32.8
461,21,Alexander Evans,Forward,34,177,"Garza, Reid and Ball",60.6
462,21,Arthur Cohen,Midfielder,29,183,Bauer-Sanchez,51.8
463,21,Jeffrey Fitzgerald,Goalkeeper,26,167,Humphrey Group,73.1
464,21,Jonathan Anderson,Defender,32,176,Shannon-Osborne,74.7
465,21,Megan Melton,Goalkeeper,31,196,"Morse, Riggs and Parker",15.3
466,21,Betty Stewart,Midfielder,20,165,Roberson-Turner,24.2
467,21,Brian Thornton,Goalkeeper,29,183,"Scott, Ortiz and Anderson",36.6
468,21,Michael Martin,Forward,23,197,"Howard, Thompson and Mann",37.7
469,21,Todd Jimenez,Defender,22,186,Decker-Richards,13.4
470,21,Patricia Powers,Forward,27,176,"King, Fisher and Ortega",1.6
471,21,Linda Castillo,Midfielder,28,177,Kidd-Strickland,14.5
472,21,Nancy Hoover,Forward,32,197,"Johnston, Salas and Hubbard",26.6
473,21,Kenneth Gallagher,Forward,22,176,"Roach, Hernandez and Nunez",78.5
474,21,Mia French,Forward,29,180,"Le, Lynch and Terrell",1.0
475,21,Danielle Green,Forward,26,193,"Cuevas, King and Barber",60.4
476,21,Jeremy Anderson,Midfielder,28,165,Massey-Costa,21.3
477,21,Krystal Hill,Midfielder,26,168,Garcia-Jones,53.6
478,21,Joanne Alexander,Forward,28,175,Schroeder-Pitts,32.7
479,21,Diane Hill,Midfielder,22,183,Schultz LLC,29.7
480,21,Kayla Baker,Defender,26,173,Merritt LLC,38.5
481,21,Kimberly Hughes,Forward,30,191,Huff Inc,56.3
482,21,Cheyenne Martinez,Forward,25,180,Marshall-Mcclure,54.6
483,21,Amy Smith,Goalkeeper,35,193,Parker Group,42.5
484,22,Christian Garrett,Midfielder,21,172,"Hampton, Johnson and Browning",5.4
485,22,Sean Figueroa,Defender,23,175,Strong-Richards,26.6
486,22,Mr. Anthony Brown,Forward,22,178,"Aguilar, Palmer and Brown",57.5
487,22,Susan Martin,Forward,21,197,Duran Inc,35.9
488,22,Chelsea Henry,Goalkeeper,33,173,West-Frank,41.3
489,22,Sandra Parker,Forward,20,194,Hopkins Group,54.0
490,22,Brian Jones,Midfielder,19,190,"Christensen, Velez and Miller",20.7
491,22,Nicholas Reed,Goalkeeper,25,169,"Phillips, Burton and Nelson",4.1
492,22,Sean Bailey,Midfielder,21,168,Hurst-Irwin,74.8
493,22,Ashley Christian,Goalkeeper,34,167,Willis-Durham,23.3
494,22,Leah Mclaughlin,Defender,23,191,Newton PLC,30.3
495,22,Karen Christian,Forward,33,189,Frazier-King,30.4
496,22,Marie Bowen,Defender,30,172,Johnson Group,14.7
497,22,Anna Johnson,Forward,35,173,Murphy LLC,58.4
498,22,Brittany Moran,Defender,19,166,"Davis, Figueroa and Wood",78.3
499,22,Sarah Lyons,Forward,32,189,"Mcdonald, Howe and Alvarado",66.0
500,22,Noah Webb,Defender,33,187,Bray and Sons,12.8
501,22,Gerald Palmer,Defender,22,167,Martinez LLC,64.9
502,22,Christina Howard,Forward,19,180,Owens-Mcdonald,16.9
503,22,Wendy Rodriguez,Goalkeeper,20,193,Johnson LLC,48.0
504,22,Joshua Morse,Goalkeeper,26,167,"English, Perez and Griffin",32.5
505,22,Kenneth Woods,Defender,25,168,"Russell, Heath and Leach",11.6
506,22,Shirley Acevedo,Midfielder,26,185,"Black, Klein and Gonzalez",46.4
507,23,Katherine Martin,Midfielder,26,184,"Douglas, Cantu and Lyons",70.2
508,23,Paula Rodriguez,Defender,32,184,"Simpson, Mcpherson and Dominguez",22.4
509,23,John Hernandez,Defender,32,196,Soto Ltd,4.2
510,23,Jason Valdez PhD,Midfielder,31,198,Hart-Campbell,25.8
511,23,Sheila Andrews,Forward,32,174,Gibbs Group,24.3
512,23,Emily Brooks,Defender,34,180,James-Morrow,68.0
513,23,Ryan Hughes,Midfielder,23,194,Hill and Sons,73.2
514,23,Patricia Lawrence,Forward,32,198,Rocha Ltd,11.2
515,23,Daniel Lewis,Defender,27,178,Ford and Sons,26.8
516,23,Alexis Vasquez,Goalkeeper,33,188,Spencer Group,7.9
517,23,Grace Hernandez,Defender,20,182,Diaz-Ford,30.5
518,23,Reginald Robinson,Goalkeeper,21,177,"Elliott, Miller and Anderson",64.5
519,23,Susan Meyer,Defender,34,178,"Patel, Villegas and Reyes",69.6
520,23,Gilbert Thornton,Midfielder,28,165,Conner and Sons,17.3
521,23,Andrea Wallace,Defender,22,195,Simmons-Weaver,73.2
522,23,Jeremy Woods,Defender,31,180,Hill-Henderson,44.4
523,23,Scott Riley,Midfielder,31,194,"Murphy, White and Campbell",42.9
524,23,Ashley Nelson,Midfielder,28,181,Bell-Little,29.1
525,23,Kathleen Walker,Forward,33,171,"Humphrey, Phillips and Woodward",64.3
526,23,Charles Smith,Forward,29,178,Schmidt-Cook,30.0
527,23,Justin Bean,Forward,20,179,Johnson PLC,59.4
528,23,Michelle Sullivan,Goalkeeper,27,191,Adams LLC,24.0
529,23,Ronald Hawkins,Defender,29,179,"Ross, Davis and Keller",30.7
530,24,Tracy Frank,Defender,34,186,"Garrett, Tyler and Dalton",21.0
531,24,Christine Franklin,Forward,34,194,Oconnell-Campbell,13.9
532,24,Sean Williams,Midfielder,24,173,Morris Group,57.8
533,24,Donald Montgomery,Forward,24,168,"Webster, Bradley and Jennings",42.2
534,24,Gloria Brock,Goalkeeper,20,165,Williams Group,33.3
535,24,Mrs. Melinda Olson,Defender,21,174,Hamilton Inc,1.2
536,24,Thomas Mcpherson,Forward,30,168,"Mitchell, Holt and Knight",49.6
537,24,Carl Herring,Forward,34,166,Miranda LLC,1.0
538,24,Nancy Brady,Forward,19,166,Chapman-Baldwin,42.6
539,24,Sarah Barron,Midfielder,28,166,Johns-Fletcher,40.4
540,24,Anthony Morgan,Forward,24,171,"Jones, Webb and Price",73.5
541,24,Mr. John Leblanc,Defender,26,177,Smith Inc,49.8
542,24,Danielle Hunt,Midfielder,30,182,"Camacho, Jennings and Parker",63.7
543,24,David Grant,Goalkeeper,30,190,Dickerson-Johnson,37.0
544,24,Thomas Quinn,Defender,26,184,"Stark, Bradshaw and White",54.9
545,24,Donna Mata,Goalkeeper,20,170,Nunez-Robles,32.7
546,24,Derek Baker,Forward,34,168,Flores Group,51.1
547,24,Derek Moore,Defender,21,196,Morris-Cortez,67.7
548,24,Steven Cook,Midfielder,22,198,"Hamilton, Brown and Peterson",73.6
549,24,Jennifer Williams,Defender,25,195,"Lyons, Taylor and Nguyen",22.1
550,24,Charles Wright,Goalkeeper,27,167,"Nguyen, Singleton and Trujillo",14.8
551,24,Cole Silva,Midfielder,19,178,"Arroyo, Kent and Miller",47.2
552,24,Michael Robinson,Forward,21,184,Sheppard-Guzman,13.4
